[{"name": "Anas Azhar", "origin": "SMP 1 Palembang", "birth_place": "Palembang", "birth_date": "22-November-2021", "jk": "Laki-laki"}, {"name": "Anas Azhar", "origin": "SMP 1 Palembang", "birth_place": "Palembang", "birth_date": "22-November-2021", "jk": "Laki-laki"}, {"name": "", "origin": "", "birth_place": "", "birth_date": "27-November-2021", "jk": "Laki-laki"}, {"name": "", "origin": "", "birth_place": "", "birth_date": "27-November-2021", "jk": "Laki-laki"}, {"name": "", "origin": "", "birth_place": "", "birth_date": "27-November-2021", "jk": "Laki-laki"}, {"name": "", "origin": "", "birth_place": "", "birth_date": "27-November-2021", "jk": "Laki-laki"}, {"name": "", "origin": "", "birth_place": "", "birth_date": "27-November-2021", "jk": "Laki-laki"}]